{
  "cod": "200",
  "message": 0,
  "cnt": 40,
  "list": [
    {
      "dt": 1692133200,
      "main": {
        "temp": 307.42,
        "feels_like": 306.99,
        "temp_min": 307.42,
        "temp_max": 309.38,
        "pressure": 1019,
        "sea_level": 1019,
        "grnd_level": 1001,
        "humidity": 31,
        "temp_kf": -1.96
      },
      "weather": [
        {
          "id": 801,
          "main": "Clouds",
          "description": "few clouds",
          "icon": "02d"
        }
      ],
      "clouds": { "all": 20 },
      "wind": { "speed": 4.44, "deg": 351, "gust": 5.89 },
      "visibility": 10000,
      "pop": 0,
      "sys": { "pod": "d" },
      "dt_txt": "2023-08-15 21:00:00"
    },
    {
      "dt": 1692144000,
      "main": {
        "temp": 307.89,
        "feels_like": 306.73,
        "temp_min": 307.89,
        "temp_max": 308.84,
        "pressure": 1017,
        "sea_level": 1017,
        "grnd_level": 1000,
        "humidity": 26,
        "temp_kf": -0.95
      },
      "weather": [
        {
          "id": 801,
          "main": "Clouds",
          "description": "few clouds",
          "icon": "02d"
        }
      ],
      "clouds": { "all": 13 },
      "wind": { "speed": 4.17, "deg": 13, "gust": 5.94 },
      "visibility": 10000,
      "pop": 0,
      "sys": { "pod": "d" },
      "dt_txt": "2023-08-16 00:00:00"
    },
    {
      "dt": 1692154800,
      "main": {
        "temp": 305.91,
        "feels_like": 304.27,
        "temp_min": 305.15,
        "temp_max": 305.91,
        "pressure": 1017,
        "sea_level": 1017,
        "grnd_level": 1001,
        "humidity": 25,
        "temp_kf": 0.76
      },
      "weather": [
        {
          "id": 800,
          "main": "Clear",
          "description": "clear sky",
          "icon": "01n"
        }
      ],
      "clouds": { "all": 7 },
      "wind": { "speed": 4.89, "deg": 53, "gust": 8.29 },
      "visibility": 10000,
      "pop": 0,
      "sys": { "pod": "n" },
      "dt_txt": "2023-08-16 03:00:00"
    },
    {
      "dt": 1692165600,
      "main": {
        "temp": 301.55,
        "feels_like": 300.65,
        "temp_min": 301.55,
        "temp_max": 301.55,
        "pressure": 1016,
        "sea_level": 1016,
        "grnd_level": 1001,
        "humidity": 32,
        "temp_kf": 0
      },
      "weather": [
        {
          "id": 800,
          "main": "Clear",
          "description": "clear sky",
          "icon": "01n"
        }
      ],
      "clouds": { "all": 0 },
      "wind": { "speed": 4.28, "deg": 68, "gust": 8.64 },
      "visibility": 10000,
      "pop": 0,
      "sys": { "pod": "n" },
      "dt_txt": "2023-08-16 06:00:00"
    },
    {
      "dt": 1692176400,
      "main": {
        "temp": 299.58,
        "feels_like": 299.58,
        "temp_min": 299.58,
        "temp_max": 299.58,
        "pressure": 1016,
        "sea_level": 1016,
        "grnd_level": 1001,
        "humidity": 36,
        "temp_kf": 0
      },
      "weather": [
        {
          "id": 800,
          "main": "Clear",
          "description": "clear sky",
          "icon": "01n"
        }
      ],
      "clouds": { "all": 0 },
      "wind": { "speed": 3.16, "deg": 94, "gust": 5.72 },
      "visibility": 10000,
      "pop": 0,
      "sys": { "pod": "n" },
      "dt_txt": "2023-08-16 09:00:00"
    },
    {
      "dt": 1692187200,
      "main": {
        "temp": 298.11,
        "feels_like": 297.68,
        "temp_min": 298.11,
        "temp_max": 298.11,
        "pressure": 1017,
        "sea_level": 1017,
        "grnd_level": 1002,
        "humidity": 39,
        "temp_kf": 0
      },
      "weather": [
        {
          "id": 800,
          "main": "Clear",
          "description": "clear sky",
          "icon": "01d"
        }
      ],
      "clouds": { "all": 0 },
      "wind": { "speed": 2.61, "deg": 93, "gust": 4.23 },
      "visibility": 10000,
      "pop": 0,
      "sys": { "pod": "d" },
      "dt_txt": "2023-08-16 12:00:00"
    },
    {
      "dt": 1692198000,
      "main": {
        "temp": 301.77,
        "feels_like": 300.83,
        "temp_min": 301.77,
        "temp_max": 301.77,
        "pressure": 1017,
        "sea_level": 1017,
        "grnd_level": 1002,
        "humidity": 32,
        "temp_kf": 0
      },
      "weather": [
        {
          "id": 800,
          "main": "Clear",
          "description": "clear sky",
          "icon": "01d"
        }
      ],
      "clouds": { "all": 0 },
      "wind": { "speed": 2.42, "deg": 98, "gust": 2.71 },
      "visibility": 10000,
      "pop": 0,
      "sys": { "pod": "d" },
      "dt_txt": "2023-08-16 15:00:00"
    },
    {
      "dt": 1692208800,
      "main": {
        "temp": 307.84,
        "feels_like": 306.09,
        "temp_min": 307.84,
        "temp_max": 307.84,
        "pressure": 1015,
        "sea_level": 1015,
        "grnd_level": 1001,
        "humidity": 22,
        "temp_kf": 0
      },
      "weather": [
        {
          "id": 800,
          "main": "Clear",
          "description": "clear sky",
          "icon": "01d"
        }
      ],
      "clouds": { "all": 0 },
      "wind": { "speed": 1.17, "deg": 2, "gust": 1.6 },
      "visibility": 10000,
      "pop": 0,
      "sys": { "pod": "d" },
      "dt_txt": "2023-08-16 18:00:00"
    },
    {
      "dt": 1692219600,
      "main": {
        "temp": 310.45,
        "feels_like": 308.73,
        "temp_min": 310.45,
        "temp_max": 310.45,
        "pressure": 1012,
        "sea_level": 1012,
        "grnd_level": 998,
        "humidity": 19,
        "temp_kf": 0
      },
      "weather": [
        {
          "id": 800,
          "main": "Clear",
          "description": "clear sky",
          "icon": "01d"
        }
      ],
      "clouds": { "all": 0 },
      "wind": { "speed": 1.77, "deg": 350, "gust": 2.33 },
      "visibility": 10000,
      "pop": 0,
      "sys": { "pod": "d" },
      "dt_txt": "2023-08-16 21:00:00"
    },
    {
      "dt": 1692230400,
      "main": {
        "temp": 310.22,
        "feels_like": 308.63,
        "temp_min": 310.22,
        "temp_max": 310.22,
        "pressure": 1010,
        "sea_level": 1010,
        "grnd_level": 996,
        "humidity": 20,
        "temp_kf": 0
      },
      "weather": [
        {
          "id": 800,
          "main": "Clear",
          "description": "clear sky",
          "icon": "01d"
        }
      ],
      "clouds": { "all": 0 },
      "wind": { "speed": 1.15, "deg": 32, "gust": 1.84 },
      "visibility": 10000,
      "pop": 0,
      "sys": { "pod": "d" },
      "dt_txt": "2023-08-17 00:00:00"
    },
    {
      "dt": 1692241200,
      "main": {
        "temp": 306.91,
        "feels_like": 304.95,
        "temp_min": 306.91,
        "temp_max": 306.91,
        "pressure": 1010,
        "sea_level": 1010,
        "grnd_level": 996,
        "humidity": 21,
        "temp_kf": 0
      },
      "weather": [
        {
          "id": 800,
          "main": "Clear",
          "description": "clear sky",
          "icon": "01n"
        }
      ],
      "clouds": { "all": 0 },
      "wind": { "speed": 3.49, "deg": 117, "gust": 7.32 },
      "visibility": 10000,
      "pop": 0,
      "sys": { "pod": "n" },
      "dt_txt": "2023-08-17 03:00:00"
    },
    {
      "dt": 1692252000,
      "main": {
        "temp": 303.36,
        "feels_like": 301.72,
        "temp_min": 303.36,
        "temp_max": 303.36,
        "pressure": 1010,
        "sea_level": 1010,
        "grnd_level": 996,
        "humidity": 24,
        "temp_kf": 0
      },
      "weather": [
        {
          "id": 800,
          "main": "Clear",
          "description": "clear sky",
          "icon": "01n"
        }
      ],
      "clouds": { "all": 0 },
      "wind": { "speed": 4.45, "deg": 139, "gust": 10.66 },
      "visibility": 10000,
      "pop": 0,
      "sys": { "pod": "n" },
      "dt_txt": "2023-08-17 06:00:00"
    },
    {
      "dt": 1692262800,
      "main": {
        "temp": 301.32,
        "feels_like": 300.24,
        "temp_min": 301.32,
        "temp_max": 301.32,
        "pressure": 1011,
        "sea_level": 1011,
        "grnd_level": 996,
        "humidity": 27,
        "temp_kf": 0
      },
      "weather": [
        {
          "id": 800,
          "main": "Clear",
          "description": "clear sky",
          "icon": "01n"
        }
      ],
      "clouds": { "all": 0 },
      "wind": { "speed": 4.08, "deg": 155, "gust": 10.6 },
      "visibility": 10000,
      "pop": 0,
      "sys": { "pod": "n" },
      "dt_txt": "2023-08-17 09:00:00"
    },
    {
      "dt": 1692273600,
      "main": {
        "temp": 299.79,
        "feels_like": 299.79,
        "temp_min": 299.79,
        "temp_max": 299.79,
        "pressure": 1011,
        "sea_level": 1011,
        "grnd_level": 996,
        "humidity": 28,
        "temp_kf": 0
      },
      "weather": [
        {
          "id": 800,
          "main": "Clear",
          "description": "clear sky",
          "icon": "01d"
        }
      ],
      "clouds": { "all": 0 },
      "wind": { "speed": 3.09, "deg": 161, "gust": 6.77 },
      "visibility": 10000,
      "pop": 0,
      "sys": { "pod": "d" },
      "dt_txt": "2023-08-17 12:00:00"
    },
    {
      "dt": 1692284400,
      "main": {
        "temp": 305.75,
        "feels_like": 304,
        "temp_min": 305.75,
        "temp_max": 305.75,
        "pressure": 1012,
        "sea_level": 1012,
        "grnd_level": 997,
        "humidity": 24,
        "temp_kf": 0
      },
      "weather": [
        {
          "id": 800,
          "main": "Clear",
          "description": "clear sky",
          "icon": "01d"
        }
      ],
      "clouds": { "all": 0 },
      "wind": { "speed": 2.65, "deg": 169, "gust": 4.23 },
      "visibility": 10000,
      "pop": 0,
      "sys": { "pod": "d" },
      "dt_txt": "2023-08-17 15:00:00"
    },
    {
      "dt": 1692295200,
      "main": {
        "temp": 313.93,
        "feels_like": 311.58,
        "temp_min": 313.93,
        "temp_max": 313.93,
        "pressure": 1010,
        "sea_level": 1010,
        "grnd_level": 996,
        "humidity": 13,
        "temp_kf": 0
      },
      "weather": [
        {
          "id": 800,
          "main": "Clear",
          "description": "clear sky",
          "icon": "01d"
        }
      ],
      "clouds": { "all": 0 },
      "wind": { "speed": 3.11, "deg": 201, "gust": 4.6 },
      "visibility": 10000,
      "pop": 0,
      "sys": { "pod": "d" },
      "dt_txt": "2023-08-17 18:00:00"
    },
    {
      "dt": 1692306000,
      "main": {
        "temp": 317.21,
        "feels_like": 315.04,
        "temp_min": 317.21,
        "temp_max": 317.21,
        "pressure": 1008,
        "sea_level": 1008,
        "grnd_level": 994,
        "humidity": 12,
        "temp_kf": 0
      },
      "weather": [
        {
          "id": 800,
          "main": "Clear",
          "description": "clear sky",
          "icon": "01d"
        }
      ],
      "clouds": { "all": 0 },
      "wind": { "speed": 2.31, "deg": 178, "gust": 2.33 },
      "visibility": 10000,
      "pop": 0,
      "sys": { "pod": "d" },
      "dt_txt": "2023-08-17 21:00:00"
    },
    {
      "dt": 1692316800,
      "main": {
        "temp": 316.51,
        "feels_like": 314.22,
        "temp_min": 316.51,
        "temp_max": 316.51,
        "pressure": 1006,
        "sea_level": 1006,
        "grnd_level": 992,
        "humidity": 12,
        "temp_kf": 0
      },
      "weather": [
        {
          "id": 800,
          "main": "Clear",
          "description": "clear sky",
          "icon": "01d"
        }
      ],
      "clouds": { "all": 0 },
      "wind": { "speed": 3.72, "deg": 139, "gust": 2.99 },
      "visibility": 10000,
      "pop": 0,
      "sys": { "pod": "d" },
      "dt_txt": "2023-08-18 00:00:00"
    },
    {
      "dt": 1692327600,
      "main": {
        "temp": 311.75,
        "feels_like": 309.73,
        "temp_min": 311.75,
        "temp_max": 311.75,
        "pressure": 1007,
        "sea_level": 1007,
        "grnd_level": 993,
        "humidity": 16,
        "temp_kf": 0
      },
      "weather": [
        {
          "id": 800,
          "main": "Clear",
          "description": "clear sky",
          "icon": "01n"
        }
      ],
      "clouds": { "all": 0 },
      "wind": { "speed": 3.56, "deg": 162, "gust": 8.63 },
      "visibility": 10000,
      "pop": 0,
      "sys": { "pod": "n" },
      "dt_txt": "2023-08-18 03:00:00"
    },
    {
      "dt": 1692338400,
      "main": {
        "temp": 308,
        "feels_like": 306.41,
        "temp_min": 308,
        "temp_max": 308,
        "pressure": 1009,
        "sea_level": 1009,
        "grnd_level": 995,
        "humidity": 23,
        "temp_kf": 0
      },
      "weather": [
        {
          "id": 800,
          "main": "Clear",
          "description": "clear sky",
          "icon": "01n"
        }
      ],
      "clouds": { "all": 0 },
      "wind": { "speed": 5.21, "deg": 167, "gust": 14.14 },
      "visibility": 10000,
      "pop": 0,
      "sys": { "pod": "n" },
      "dt_txt": "2023-08-18 06:00:00"
    },
    {
      "dt": 1692349200,
      "main": {
        "temp": 305.74,
        "feels_like": 305.07,
        "temp_min": 305.74,
        "temp_max": 305.74,
        "pressure": 1010,
        "sea_level": 1010,
        "grnd_level": 995,
        "humidity": 33,
        "temp_kf": 0
      },
      "weather": [
        {
          "id": 800,
          "main": "Clear",
          "description": "clear sky",
          "icon": "01n"
        }
      ],
      "clouds": { "all": 4 },
      "wind": { "speed": 4.33, "deg": 198, "gust": 12.61 },
      "visibility": 10000,
      "pop": 0,
      "sys": { "pod": "n" },
      "dt_txt": "2023-08-18 09:00:00"
    },
    {
      "dt": 1692360000,
      "main": {
        "temp": 303.75,
        "feels_like": 303.43,
        "temp_min": 303.75,
        "temp_max": 303.75,
        "pressure": 1011,
        "sea_level": 1011,
        "grnd_level": 996,
        "humidity": 39,
        "temp_kf": 0
      },
      "weather": [
        {
          "id": 801,
          "main": "Clouds",
          "description": "few clouds",
          "icon": "02d"
        }
      ],
      "clouds": { "all": 16 },
      "wind": { "speed": 3.69, "deg": 186, "gust": 8.89 },
      "visibility": 10000,
      "pop": 0,
      "sys": { "pod": "d" },
      "dt_txt": "2023-08-18 12:00:00"
    },
    {
      "dt": 1692370800,
      "main": {
        "temp": 308.96,
        "feels_like": 307.95,
        "temp_min": 308.96,
        "temp_max": 308.96,
        "pressure": 1012,
        "sea_level": 1012,
        "grnd_level": 998,
        "humidity": 25,
        "temp_kf": 0
      },
      "weather": [
        {
          "id": 801,
          "main": "Clouds",
          "description": "few clouds",
          "icon": "02d"
        }
      ],
      "clouds": { "all": 23 },
      "wind": { "speed": 4.38, "deg": 208, "gust": 6.44 },
      "visibility": 10000,
      "pop": 0,
      "sys": { "pod": "d" },
      "dt_txt": "2023-08-18 15:00:00"
    },
    {
      "dt": 1692381600,
      "main": {
        "temp": 315.64,
        "feels_like": 314.24,
        "temp_min": 315.64,
        "temp_max": 315.64,
        "pressure": 1011,
        "sea_level": 1011,
        "grnd_level": 997,
        "humidity": 15,
        "temp_kf": 0
      },
      "weather": [
        {
          "id": 801,
          "main": "Clouds",
          "description": "few clouds",
          "icon": "02d"
        }
      ],
      "clouds": { "all": 19 },
      "wind": { "speed": 2.92, "deg": 209, "gust": 3.77 },
      "visibility": 10000,
      "pop": 0,
      "sys": { "pod": "d" },
      "dt_txt": "2023-08-18 18:00:00"
    },
    {
      "dt": 1692392400,
      "main": {
        "temp": 318.18,
        "feels_like": 315.74,
        "temp_min": 318.18,
        "temp_max": 318.18,
        "pressure": 1008,
        "sea_level": 1008,
        "grnd_level": 994,
        "humidity": 11,
        "temp_kf": 0
      },
      "weather": [
        {
          "id": 801,
          "main": "Clouds",
          "description": "few clouds",
          "icon": "02d"
        }
      ],
      "clouds": { "all": 12 },
      "wind": { "speed": 3.03, "deg": 170, "gust": 2.97 },
      "visibility": 10000,
      "pop": 0,
      "sys": { "pod": "d" },
      "dt_txt": "2023-08-18 21:00:00"
    },
    {
      "dt": 1692403200,
      "main": {
        "temp": 316.96,
        "feels_like": 314.75,
        "temp_min": 316.96,
        "temp_max": 316.96,
        "pressure": 1007,
        "sea_level": 1007,
        "grnd_level": 993,
        "humidity": 12,
        "temp_kf": 0
      },
      "weather": [
        {
          "id": 800,
          "main": "Clear",
          "description": "clear sky",
          "icon": "01d"
        }
      ],
      "clouds": { "all": 7 },
      "wind": { "speed": 3.61, "deg": 167, "gust": 4.09 },
      "visibility": 10000,
      "pop": 0,
      "sys": { "pod": "d" },
      "dt_txt": "2023-08-19 00:00:00"
    },
    {
      "dt": 1692414000,
      "main": {
        "temp": 312.48,
        "feels_like": 310.59,
        "temp_min": 312.48,
        "temp_max": 312.48,
        "pressure": 1009,
        "sea_level": 1009,
        "grnd_level": 994,
        "humidity": 16,
        "temp_kf": 0
      },
      "weather": [
        {
          "id": 800,
          "main": "Clear",
          "description": "clear sky",
          "icon": "01n"
        }
      ],
      "clouds": { "all": 0 },
      "wind": { "speed": 5.08, "deg": 178, "gust": 11.18 },
      "visibility": 10000,
      "pop": 0,
      "sys": { "pod": "n" },
      "dt_txt": "2023-08-19 03:00:00"
    },
    {
      "dt": 1692424800,
      "main": {
        "temp": 308.93,
        "feels_like": 307.72,
        "temp_min": 308.93,
        "temp_max": 308.93,
        "pressure": 1010,
        "sea_level": 1010,
        "grnd_level": 996,
        "humidity": 24,
        "temp_kf": 0
      },
      "weather": [
        {
          "id": 800,
          "main": "Clear",
          "description": "clear sky",
          "icon": "01n"
        }
      ],
      "clouds": { "all": 0 },
      "wind": { "speed": 6.05, "deg": 194, "gust": 13.45 },
      "visibility": 10000,
      "pop": 0,
      "sys": { "pod": "n" },
      "dt_txt": "2023-08-19 06:00:00"
    },
    {
      "dt": 1692435600,
      "main": {
        "temp": 306.07,
        "feels_like": 306.21,
        "temp_min": 306.07,
        "temp_max": 306.07,
        "pressure": 1011,
        "sea_level": 1011,
        "grnd_level": 997,
        "humidity": 37,
        "temp_kf": 0
      },
      "weather": [
        {
          "id": 800,
          "main": "Clear",
          "description": "clear sky",
          "icon": "01n"
        }
      ],
      "clouds": { "all": 0 },
      "wind": { "speed": 4.45, "deg": 204, "gust": 11.93 },
      "visibility": 10000,
      "pop": 0,
      "sys": { "pod": "n" },
      "dt_txt": "2023-08-19 09:00:00"
    },
    {
      "dt": 1692446400,
      "main": {
        "temp": 304.73,
        "feels_like": 304.84,
        "temp_min": 304.73,
        "temp_max": 304.73,
        "pressure": 1013,
        "sea_level": 1013,
        "grnd_level": 998,
        "humidity": 40,
        "temp_kf": 0
      },
      "weather": [
        {
          "id": 800,
          "main": "Clear",
          "description": "clear sky",
          "icon": "01d"
        }
      ],
      "clouds": { "all": 0 },
      "wind": { "speed": 3.12, "deg": 220, "gust": 8.51 },
      "visibility": 10000,
      "pop": 0,
      "sys": { "pod": "d" },
      "dt_txt": "2023-08-19 12:00:00"
    },
    {
      "dt": 1692457200,
      "main": {
        "temp": 308.51,
        "feels_like": 308.35,
        "temp_min": 308.51,
        "temp_max": 308.51,
        "pressure": 1014,
        "sea_level": 1014,
        "grnd_level": 999,
        "humidity": 30,
        "temp_kf": 0
      },
      "weather": [
        {
          "id": 800,
          "main": "Clear",
          "description": "clear sky",
          "icon": "01d"
        }
      ],
      "clouds": { "all": 0 },
      "wind": { "speed": 3.51, "deg": 235, "gust": 5.24 },
      "visibility": 10000,
      "pop": 0,
      "sys": { "pod": "d" },
      "dt_txt": "2023-08-19 15:00:00"
    },
    {
      "dt": 1692468000,
      "main": {
        "temp": 314.25,
        "feels_like": 313.77,
        "temp_min": 314.25,
        "temp_max": 314.25,
        "pressure": 1013,
        "sea_level": 1013,
        "grnd_level": 998,
        "humidity": 19,
        "temp_kf": 0
      },
      "weather": [
        {
          "id": 800,
          "main": "Clear",
          "description": "clear sky",
          "icon": "01d"
        }
      ],
      "clouds": { "all": 0 },
      "wind": { "speed": 2.39, "deg": 218, "gust": 3.47 },
      "visibility": 10000,
      "pop": 0,
      "sys": { "pod": "d" },
      "dt_txt": "2023-08-19 18:00:00"
    },
    {
      "dt": 1692478800,
      "main": {
        "temp": 316.81,
        "feels_like": 315.78,
        "temp_min": 316.81,
        "temp_max": 316.81,
        "pressure": 1010,
        "sea_level": 1010,
        "grnd_level": 996,
        "humidity": 15,
        "temp_kf": 0
      },
      "weather": [
        {
          "id": 800,
          "main": "Clear",
          "description": "clear sky",
          "icon": "01d"
        }
      ],
      "clouds": { "all": 0 },
      "wind": { "speed": 1.77, "deg": 177, "gust": 4.19 },
      "visibility": 10000,
      "pop": 0,
      "sys": { "pod": "d" },
      "dt_txt": "2023-08-19 21:00:00"
    },
    {
      "dt": 1692489600,
      "main": {
        "temp": 315.93,
        "feels_like": 315,
        "temp_min": 315.93,
        "temp_max": 315.93,
        "pressure": 1009,
        "sea_level": 1009,
        "grnd_level": 995,
        "humidity": 16,
        "temp_kf": 0
      },
      "weather": [
        {
          "id": 800,
          "main": "Clear",
          "description": "clear sky",
          "icon": "01d"
        }
      ],
      "clouds": { "all": 1 },
      "wind": { "speed": 1.25, "deg": 203, "gust": 3.46 },
      "visibility": 10000,
      "pop": 0,
      "sys": { "pod": "d" },
      "dt_txt": "2023-08-20 00:00:00"
    },
    {
      "dt": 1692500400,
      "main": {
        "temp": 313.19,
        "feels_like": 312.28,
        "temp_min": 313.19,
        "temp_max": 313.19,
        "pressure": 1010,
        "sea_level": 1010,
        "grnd_level": 996,
        "humidity": 19,
        "temp_kf": 0
      },
      "weather": [
        {
          "id": 802,
          "main": "Clouds",
          "description": "scattered clouds",
          "icon": "03n"
        }
      ],
      "clouds": { "all": 47 },
      "wind": { "speed": 1.56, "deg": 214, "gust": 3.69 },
      "visibility": 10000,
      "pop": 0,
      "sys": { "pod": "n" },
      "dt_txt": "2023-08-20 03:00:00"
    },
    {
      "dt": 1692511200,
      "main": {
        "temp": 310.26,
        "feels_like": 309.29,
        "temp_min": 310.26,
        "temp_max": 310.26,
        "pressure": 1011,
        "sea_level": 1011,
        "grnd_level": 996,
        "humidity": 23,
        "temp_kf": 0
      },
      "weather": [
        {
          "id": 802,
          "main": "Clouds",
          "description": "scattered clouds",
          "icon": "03n"
        }
      ],
      "clouds": { "all": 43 },
      "wind": { "speed": 3.04, "deg": 186, "gust": 8.55 },
      "visibility": 10000,
      "pop": 0,
      "sys": { "pod": "n" },
      "dt_txt": "2023-08-20 06:00:00"
    },
    {
      "dt": 1692522000,
      "main": {
        "temp": 307.65,
        "feels_like": 306.93,
        "temp_min": 307.65,
        "temp_max": 307.65,
        "pressure": 1011,
        "sea_level": 1011,
        "grnd_level": 997,
        "humidity": 29,
        "temp_kf": 0
      },
      "weather": [
        {
          "id": 800,
          "main": "Clear",
          "description": "clear sky",
          "icon": "01n"
        }
      ],
      "clouds": { "all": 0 },
      "wind": { "speed": 3.49, "deg": 217, "gust": 9.28 },
      "visibility": 10000,
      "pop": 0,
      "sys": { "pod": "n" },
      "dt_txt": "2023-08-20 09:00:00"
    },
    {
      "dt": 1692532800,
      "main": {
        "temp": 306.21,
        "feels_like": 305.37,
        "temp_min": 306.21,
        "temp_max": 306.21,
        "pressure": 1013,
        "sea_level": 1013,
        "grnd_level": 998,
        "humidity": 31,
        "temp_kf": 0
      },
      "weather": [
        {
          "id": 800,
          "main": "Clear",
          "description": "clear sky",
          "icon": "01d"
        }
      ],
      "clouds": { "all": 1 },
      "wind": { "speed": 1.51, "deg": 259, "gust": 3.09 },
      "visibility": 10000,
      "pop": 0,
      "sys": { "pod": "d" },
      "dt_txt": "2023-08-20 12:00:00"
    },
    {
      "dt": 1692543600,
      "main": {
        "temp": 310.65,
        "feels_like": 309.82,
        "temp_min": 310.65,
        "temp_max": 310.65,
        "pressure": 1013,
        "sea_level": 1013,
        "grnd_level": 999,
        "humidity": 23,
        "temp_kf": 0
      },
      "weather": [
        {
          "id": 800,
          "main": "Clear",
          "description": "clear sky",
          "icon": "01d"
        }
      ],
      "clouds": { "all": 0 },
      "wind": { "speed": 1.79, "deg": 318, "gust": 2.76 },
      "visibility": 10000,
      "pop": 0,
      "sys": { "pod": "d" },
      "dt_txt": "2023-08-20 15:00:00"
    },
    {
      "dt": 1692554400,
      "main": {
        "temp": 315.77,
        "feels_like": 314.79,
        "temp_min": 315.77,
        "temp_max": 315.77,
        "pressure": 1012,
        "sea_level": 1012,
        "grnd_level": 998,
        "humidity": 16,
        "temp_kf": 0
      },
      "weather": [
        {
          "id": 800,
          "main": "Clear",
          "description": "clear sky",
          "icon": "01d"
        }
      ],
      "clouds": { "all": 0 },
      "wind": { "speed": 2.32, "deg": 2, "gust": 3.95 },
      "visibility": 10000,
      "pop": 0,
      "sys": { "pod": "d" },
      "dt_txt": "2023-08-20 18:00:00"
    }
  ],
  "city": {
    "id": 4684904,
    "name": "Dallas",
    "coord": { "lat": 32.7668, "lon": -96.7836 },
    "country": "US",
    "population": 2368139,
    "timezone": -18000,
    "sunrise": 1692100232,
    "sunset": 1692148381
  }
}
